A,B,C,D,E,F,G,H
CS202 (A13-3A) ,IC260 (A10-1B) ,IC136 (A13-3A) ,IC240 (A13-3A) ,IC121 (A13-3A) ,CS304  (A10-1A) ,CS208 (A10-1A) ,IC2XX2 (A13-3A) 
EE311 (A10-1D) ,CS523 (A10-1A) ,CS561 (A10-1A) ,CS593 (A10-1A) ,IC241 (A10-1B) ,EE5XX3 (A10-1B) ,CS669 (A13-3A) ,IC130 (A10-1A) 
ME205 (A10-2A) ,EE621 (A10-1D) ,EE305 (A10-1D) ,EE527 (A5-4) ,CS201 (A10-1A) ,EE516 (A10-1C) ,EE504 (A5-2) ,HS352 (A10-1B) 
CE201 (A10-3B) ,CE251 (A10-3B) ,EE508 (A5-4) ,EE520 (A5-5) ,EE522 (A10-2A) ,ME610 (A5-1) ,EE615 (A5-5) ,EE608 (A10-1C) 
ME206 (A10-2B) ,ME303 (A10-2A) ,EE524 (A5-5) ,CE352 (A10-3C) ,EE528 (A5-4) ,ME625 (A10-2A) ,PH601 (G-106) ,EE622 (A10-2C) 
CE301 (A10-3C) ,CE402 (A13-2A) ,EE203 (A10-1C) ,EE514 (A10-1D) ,HS391 (A10-2B) ,HS252 (A10-1D) ,EN504 (A9-1) ,CE505 (A10-3A) 
CE401 (A13-2A) ,ME633 (A5-5) ,ME308 (A10-2A) ,EE503 (A10-2C) ,ME504 (A10-1C) ,CE511 (A10-3A) ,CE555 (A10-3A) ,ME509 (A10-2A) 
ME305 (A10-2C) ,ME601 (A10-2B) ,CE303 (A10-3C) ,ME603 (A5-1) ,HS620 (A10-1D) ,CE501 (A10-3B) ,CE508 (A10-3B) ,CE510 (A10-3B) 
HS205 (A10-1C) ,HS202 (A13-3A) ,ME602 (A10-2B) ,HS358 (A10-1C) ,HS522 (A9-1) ,HS1064 (A13-1A) ,HS105 (A10-1B) ,HS263 (A10-2B) 
CS310 (A10-1A)  ,HS5375 (A10-1C) ,HS621 (A5-2) ,HS631 (G-107) ,PH514 (A1-NKN) ,HS5386 (A5-4) ,HS5357 (A10-2B) ,HS527 (A9-1) 
CE557 (A13-2B) ,PH508 (A5-2) ,HS461 (A10-1B) ,HS526 (A9-1) ,BY513 (A5-2) ,HS529 (A9-1) ,HS525 (A5-4) ,PH512 (A1-NKN) 
CY501 (SC-NKN) ,MA512 (A1-3) ,HS528 (A9-1) ,PH701 (A1-NKN) ,MA515 (A1-3) ,PH513 (A1-NKN) ,MA609 (A1-3) ,PH613 (A5-4) 
PH511 (A1-NKN) ,CY506 (SC-NKN) ,PH603 (A1-NKN) ,MA514 (A1-3) ,CY521 (SC-NKN) ,BY512 (A5-2) ,CY508 (SC-NKN) ,MA513 (A1-3) 
EN501 (A5-1) ,EE509 (A5-4) ,MA6128 (A1-3) ,CY514 (SC-NKN) ,,CY522 (SC-NKN) ,BY511 (A5-1) ,EN613 (A5-2) 
MA511 (A1-3) ,EN502 (A5-1) ,CY512 (SC-NKN) ,EN503 (A5-2) ,,,CS544 (A10-1C) ,BY510 (A5-1) 
,EE512 (A1-NKN) ,EE513 (G-106) ,CE504 (A10-3B) ,,,ME351 (A10-2A) ,ME632 (A5-5) 
,,,,,,EE2109 (A13-2A) ,CE351 (A10-3C) 
,,,,,,,
  ,  ,,,,,,
